0.027897460586980324,-0.0001051011988590196,-0.03340224631179587
0.027895534070162632,-0.00010502614946919034,-0.033405096641406014
0.02789354886608791,-0.00010494881200222159,-0.03340803278801199
0.027891621751425552,-0.00010487373571667913,-0.03341088203687411
0.02788969434224175,-0.00010479864618041721,-0.033413730753074876
0.027887708218632696,-0.00010472126734316932,-0.03341666523664202
0.02788578021135784,-0.00010464615089984629,-0.03341951287065316
0.027883851909440132,-0.0001045710212017198,-0.03342235997128744
0.027881864865917656,-0.00010449360098135266,-0.0334252927895829
0.027879935965662392,-0.00010441844436797119,-0.03342813880657383
0.02787800677064286,-0.00010434327449571678,-0.033430984289471936
0.027876018806827864,-0.00010426581287957879,-0.03343391544025894
0.027874089013224294,-0.00010419061608379191,-0.03343675983805736
0.027872158924735064,-0.0001041154060250773,-0.03343960370104477
0.02787017004024857,-0.00010403790300043288,-0.033442533182081915
0.027868239352928835,-0.00010396266600991061,-0.03344537595851177
0.02786630837060205,-0.00010388741575237471,-0.03344821819941207
0.02786431856506507,-0.00010380987130638504,-0.03345114600845588
0.027862386983661357,-0.00010373459410872781,-0.03345398716133798
0.027860455107129208,-0.0001036593036400994,-0.033456827777970925
0.027858464380159507,-0.00010358171776126616,-0.033459753912698086
0.0278565319042413,-0.00010350640034937996,-0.03346259343851633
0.02785459913300007,-0.00010343106966066754,-0.03346543242582602
0.02785260748400869,-0.00010335344233605948,-0.03346835687957205
0.027850674113048982,-0.00010327808468733269,-0.033471194772819325
0.027848740446644718,-0.00010320271375764432,-0.033474032126839116
0.02784674787523692,-0.00010312504496823828,-0.03347695489704569
0.027844813608867272,-0.00010304964707019703,-0.033479791155534774
0.02784287904693149,-0.00010297423588725575,-0.03348262687407203
0.027840885552727665,-0.00010289652562066429,-0.03348554795847904
0.027838950390579587,-0.00010282108746123175,-0.0334883825800155
0.02783701493274378,-0.00010274563601291126,-0.03349121666087506
0.0278350205153643,-0.00010266788425643985,-0.03349413605721851
0.02783308445706939,-0.00010259240582332317,-0.03349696903960346
0.02783114810296516,-0.00010251691409723956,-0.03349980148058583
0.027829152762030445,-0.00010243912083842081,-0.03350271918659915
0.027827215807220272,-0.0001023636021194418,-0.03350555052763166
0.027825278556479233,-0.00010228807010346236,-0.03350838132653397
0.02782328229160976,-0.00010221023532963635,-0.03351129733994604
0.027821344439902362,-0.00010213467631516089,-0.033514127037125634
0.027819406292072277,-0.00010205910400189507,-0.03351695618997433
0.027817409102725094,-0.00010198122770355166,-0.03351987050508843
0.027815470353545937,-0.00010190562837757084,-0.033522698551920145
0.027813531308119067,-0.00010183001574485493,-0.03352552605363191
0.027811533193847836,-0.00010175209790115237,-0.033528438666810885
0.02780959354682464,-0.00010167645824761564,-0.033531265061022594
0.027807653603431928,-0.00010160080528329239,-0.033534090909383106
0.027805654563856395,-0.00010152284588162635,-0.03353700181834392
0.027803714018620113,-0.00010144716588848091,-0.03353982655771804
0.027801773176892544,-0.00010137147258053975,-0.03354265075050835
0.02779977321163254,-0.00010129347160848251,-0.033545559952963606
0.027797831767814203,-0.00010121775126353325,-0.03354838303527878
0.027795890027382808,-0.00010114201759992258,-0.03355120557027634
0.02779388913605818,-0.00010106397504522946,-0.03355411306393495
0.02779194679328883,-0.00010098821433657674,-0.03355693448696673
0.027790004153784697,-0.0001009124403052576,-0.03355975536194607
0.02778800233601535,-0.0001008343561553666,-0.03356266114451376
0.02778605909390648,-0.00010075855507390001,-0.03356548090561508
0.027784115554867886,-0.00010068274066717813,-0.03356830011640698
0.027782112810100793,-0.00010060461491247246,-0.033571204181987335
0.02778016866807963,-0.00010052877344106727,-0.03357402227472005
0.02777822422900605,-0.00010045291863730709,-0.0335768398163981
0.027776220556802615,-0.00010037475125728035,-0.03357974216151372
0.02777427551449884,-0.00010029886938084715,-0.0335825585836338
0.027772330175020673,-0.00010022297416805287,-0.033585374453960294
0.027770325575000084,-0.00010014476515024466,-0.03358827507630415
0.027768379632044093,-0.0001000688428566421,-0.033591089825571234
0.027766433391791766,-9.999290722286545e-05,-0.033593904022304305
0.027764427863573315,-9.991465655520581e-05,-0.03359680291956521
0.027762481019595605,-9.983869383273942e-05,-0.03359961599373449
0.027760533878199645,-9.976271776610148e-05,-0.033602428514627844
0.027758527421402626,-9.968442543622282e-05,-0.03360532568448983
0.027756579676033705,-9.960842227295963e-05,-0.03360813708131298
0.027754631633124596,-9.953240576157099e-05,-0.03361094792411809
0.027752624247347955,-9.94540717602382e-05,-0.03361384336382796
0.027750675600124217,-9.937802814851912e-05,-0.033616653079094054
0.027748726655164105,-9.930197118307262e-05,-0.03361946223807086
0.027746718339816644,-9.92235954929162e-05,-0.03362235594098712
0.02774476879023744,-9.914751141134679e-05,-0.033625163969771645
0.027742818942799716,-9.907141397205415e-05,-0.03362797144152122
0.027740809697499123,-9.899299657743874e-05,-0.03363086340530154
0.027738859245194335,-9.891687201400874e-05,-0.03363366974534373
0.027736908494908872,-9.884073408897832e-05,-0.03363647552760409
0.027734898319273768,-9.87622749776971e-05,-0.03363936574991724
0.027732946963873288,-9.868610992065898e-05,-0.03364217039895252
0.027730995310370033,-9.860993149826016e-05,-0.03364497448945764
0.027728984204019164,-9.853143065842214e-05,-0.03364786296796747
0.02772703194515294,-9.845522509619408e-05,-0.033650665923727556
0.027725079388061832,-9.837900616463757e-05,-0.03365346832020792
0.02772306735061398,-9.830046358388602e-05,-0.0336563550525742
0.027721114187894556,-9.82242175072934e-05,-0.033659156312413806
0.027719160726755208,-9.814795805910523e-05,-0.03366195701071997
0.02771714775765803,-9.80693737281224e-05,-0.03366484199107014
0.02771519369050853,-9.799308712072748e-05,-0.03366764154848341
0.027713239324815286,-9.791678713447284e-05,-0.03367044054358742
0.027711225423625554,-9.783816103298783e-05,-0.03367332376833567
0.027709270451673814,-9.776183387969403e-05,-0.03367612162101755
0.027707315181055965,-9.768549334369746e-05,-0.033678918910637214
0.027705300347391743,-9.760682545961624e-05,-0.033681800377430585
0.02770334447026709,-9.75304577487603e-05,-0.03368459652309622
0.027701388294354038,-9.745407665146785e-05,-0.033687392104944286
0.027699372527833502,-9.737536697292928e-05,-0.03369027181142575
0.027697415745165332,-9.729895869290425e-05,-0.0336930662477857
0.027695458663586487,-9.722253702245989e-05,-0.033695860119571805
0.027693441963827864,-9.714378553732621e-05,-0.033698738063379856
0.027691484275229935,-9.706733667902602e-05,-0.03370153078780612
0.027689526287526744,-9.699087442836612e-05,-0.033704322945412674
0.027687508653979398,-9.691208112736303e-05,-0.0337071991207062
0.02768555005887277,-9.683559167480459e-05,-0.033709990126648215
0.027683591164536052,-9.675908882242939e-05,-0.0337127805649725
0.027681572596753343,-9.668025368541445e-05,-0.03371565496808964
0.027679613094764507,-9.660372362345414e-05,-0.033718444253206185
0.02767765329342306,-9.652718015788394e-05,-0.03372123296994438
0.027675633791022516,-9.644830317297342e-05,-0.033724105598510315
0.027673673381780263,-9.637173249003243e-05,-0.033726893160495416
0.027671712673062968,-9.629514839970391e-05,-0.03372968015333946
0.027669692235662225,-9.621622955504326e-05,-0.033732551004974735
0.02766773091879548,-9.613961823971963e-05,-0.0337353368415166
0.027665769302331184,-9.60629935132246e-05,-0.033738122108155064
0.027663747929530365,-9.598403279967494e-05,-0.03374099118010324
0.02766178570457721,-9.590738084460737e-05,-0.033743775287010766
0.027659823179829193,-9.583071547271805e-05,-0.03374655882172171
0.027657800871031982,-9.575171287358317e-05,-0.03374942610723417
0.027655837737485055,-9.567502025761695e-05,-0.03375220847943506
0.027653874304020623,-9.559831422099684e-05,-0.03375499027867289
0.027651851058841825,-9.551926972103001e-05,-0.03375785577531955
0.02764988701632943,-9.544253643281925e-05,-0.033760636410489056
0.02764792267377684,-9.536578972028298e-05,-0.033763416471927626
0.027645898491833486,-9.528670330771894e-05,-0.03376628017731092
0.02764393353998392,-9.520992933584518e-05,-0.033769059073120604
0.02764196828797155,-9.513314193583811e-05,-0.033771837394429766
0.027639943168880698,-9.505401359895057e-05,-0.033774699306147654
0.02763797730729822,-9.497719893513277e-05,-0.033777476459756296
0.027636011145354966,-9.49003708402238e-05,-0.03378025303655021
0.027633985088552932,-9.482120056945512e-05,-0.033783113148481765
0.027632018316662427,-9.474434519628975e-05,-0.033785888553411615
0.02763005124428873,-9.466747638572066e-05,-0.033788663380768025
0.02762802424933895,-9.45882641615419e-05,-0.03379152168944029
0.027626056566768586,-9.45113680650897e-05,-0.033794295343362105
0.027624088583592183,-9.44344585274605e-05,-0.0337970684189362
0.027622060650111156,-9.435520433821781e-05,-0.03379992492193167
0.027620092056488684,-9.427826750724251e-05,-0.03380269682249859
0.02761812316213732,-9.420131723138485e-05,-0.033805468143942724
0.027616094289741523,-9.41220210655493e-05,-0.0338083228388412
0.027614124784652888,-9.404504349309591e-05,-0.033811092982823865
0.027612154978636276,-9.396805247116346e-05,-0.033813862545347954
0.02761012516674207,-9.388871431865226e-05,-0.033816715425610606
0.02796254784561275,-0.00010531173910248009,-0.03433733270116631
0.02902210276738264,-0.0001415501075026993,-0.03585558821164047
0.030886453834640195,-0.00020957156016246283,-0.03828852880750985
0.033482112849634364,-0.0003117757410310396,-0.04115654676250103
0.03688377007117089,-0.00045622274048135673,-0.043989195156015924
0.04124387677354704,-0.0006539858278102805,-0.04696941189850236
0.04628030149531444,-0.0008992841175866268,-0.05054968402828041
0.0520327674838488,-0.0012002406709110942,-0.053855111971461755
0.058552056805727525,-0.0015585638100989816,-0.05515609851868985
0.06522924209425221,-0.001925512439484877,-0.052765517909994376
0.07215201658654984,-0.0022759563643801827,-0.049195127206176005
0.07957695612832423,-0.0026351570711179383,-0.05011317393263667
0.08725789598320415,-0.0030393750574990966,-0.05627804779585784
0.09562912070117424,-0.0035424221991806316,-0.06432604383360273
0.10508179897475411,-0.004194287004233847,-0.07401248908895446
0.11502381584133907,-0.004981482133222973,-0.08414132292869177
0.12554888459236194,-0.005917946150789099,-0.0928878445560322
0.13670760968152812,-0.006995593572343485,-0.09904502154123367
0.14770550115789519,-0.008117476956852896,-0.1057914912693252
0.15898734185747374,-0.00937140868480899,-0.11702006176410215
0.17101869759868918,-0.010864901788746112,-0.13005658078752902
0.18297851401275508,-0.012479136819608064,-0.13765545305476565
0.19529322507894334,-0.01419996698209806,-0.1390245366578116
0.20837304786068073,-0.016006164476149,-0.13427613774940578
0.2213726827832637,-0.01770938641010749,-0.12539700320969266
0.23449882427032132,-0.01930292239475145,-0.11501791858104389
0.24807306187904146,-0.0208013301901942,-0.10446012577617365
0.2613690574465104,-0.022125639124203404,-0.09368151350151482
0.2746871909794192,-0.023311526814665043,-0.08355916423777418
0.2884290080911039,-0.024397459233029942,-0.0738003501817286
0.30178393700591577,-0.02532754214895922,-0.06491700888000214
0.315153538705854,-0.02614292555373162,-0.05658267373747232
0.3289347548213903,-0.026869970387799744,-0.04853980207696578
0.34229911635552657,-0.02747262190046009,-0.04129072845836727
0.35568225903384837,-0.027979127145807525,-0.034176961873380866
0.36948178197484927,-0.02840469953163765,-0.027228301343176966
0.38288288967990647,-0.028728241068870716,-0.020800503198755402
0.3962908014456329,-0.028967656582299998,-0.014666146941262736
0.41011124965326623,-0.029130155588795142,-0.008611623977408413
0.4235282825747301,-0.02920946112249742,-0.002994238901254588
0.43692742132299883,-0.029215544122535596,0.002148429795059555
0.45074267035102583,-0.02914954782343135,0.007585466950025359
0.46415459096441725,-0.029014412645217875,0.012726026411557087
0.4775696630262052,-0.02881158476750332,0.017705250657887337
0.4913935175670398,-0.028533612740702985,0.022697337519750407
0.5048128823581665,-0.028198576428138427,0.02743024706756706
0.5182335596095686,-0.027800585176068357,0.03205019341729262
0.532058477625878,-0.027326348572023505,0.03667742819819072
0.5454706625793234,-0.02680591442654694,0.041079695422370714
0.5588545384205963,-0.02622589179117792,0.04575962018515382
0.5724514178252851,-0.02559474849142522,0.04530769652915009
0.5857234847519528,-0.02501432672773083,0.042862859559910926
0.5991793773033299,-0.02444019672430623,0.04241748803902005
0.6130433182753788,-0.023853163242458224,0.04222748036688376
0.6265004191547192,-0.02328565876213079,0.042070836964069484
0.6399541443124696,-0.02272010351286347,0.04188049913578857
0.6538105099869644,-0.022140229378108053,0.04178881038271223
0.6672381104929693,-0.021577047704570036,0.04195356259172762
0.6806882353593117,-0.021013020003892012,0.041888263679671675
0.6945474103797005,-0.020432755056276945,0.04180864728937691
0.708001430100887,-0.019870522059668248,0.04173105551411346
0.7214577238616727,-0.019309255983142825,0.04165221125066478
0.735322104015992,-0.01873198510991523,0.04154751961850522
0.7487750660307508,-0.018173610944917092,0.04142432535875404
0.762211483667171,-0.017616471116202823,0.04151160523619877
0.7760573206990903,-0.017040175476935822,0.04159605644554197
0.789507378726258,-0.016480707245319737,0.04156040427764938
0.8029597136986837,-0.015921685426014315,0.041512583231156724
0.8168223328672364,-0.015346335767552136,0.041460093303552444
0.8302789962894684,-0.014788593871691671,0.04139778790319023
0.8437341432252318,-0.014231679319324701,0.04129530683439286
0.8575932511026083,-0.013659779851826722,0.04121830968468317
0.8710191550489156,-0.013104396076823763,0.04144477933855692
0.8844684201017752,-0.012546862548065635,0.04142507905066538
0.8983269515715768,-0.011972756417424872,0.0413912030075706
0.911780217484378,-0.011415916383056349,0.0413537674427458
0.9252359712146878,-0.010859527050717525,0.04131179061162268
0.9391005247460722,-0.01028696661832725,0.04124679049934517
0.9525538973108052,-0.009732204651012181,0.041140714550426505
0.9659994763419283,-0.00917884535570795,0.041152564832748026
0.9798374662589817,-0.00860694282891479,0.04133635894307588
0.9932871320186694,-0.008050877167739173,0.04131993385776776
1.0067388857340236,-0.007494995886181882,0.04129167176060835
1.0206008098992256,-0.006922611621822455,0.04125749092933554
1.034057224674125,-0.006367482857883954,0.04121498808135993
1.0475135307852514,-0.005812807017139168,0.041141077253618215
1.0613737775454959,-0.005243062784743046,0.04104908367370105
1.0748049828166215,-0.004690562978755412,0.041217878218557075
1.0882482360018273,-0.004135492961504454,0.041264578984922085
1.1021063144435235,-0.0035635634965166586,0.041242734611620736
1.1155589806644342,-0.003008676849406164,0.04121583697652514
1.1290141797964175,-0.002454106120317682,0.04118387124749866
1.1428787070800326,-0.0018832219732460766,0.041133469277094485
1.1563330567240067,-0.0013298493413331904,0.04103547291839881
1.16976652077118,-0.0007928753849009016,0.03831467478093856
1.1835706466669327,-0.0002892382027879566,0.03458688637441461
1.1970575111810278,0.00015158205857630986,0.030579248257947365
1.2105470310434832,0.0005404822964010797,0.026941713126914284
1.2244449805964364,0.0008927019600993072,0.023628562527694578
1.2379342445088755,0.0011929230991157152,0.020786322549837238
1.2514223408260452,0.0014568578856112616,0.018262539566761053
1.265308387548876,0.0016948504053581322,0.015865328392731054
1.2787707661149814,0.0018964278998192948,0.014060022234998408
1.292239480051712,0.0020751993791891035,0.01239205357114105
1.3061222490772375,0.0022363649366596017,0.01078189772055825
1.3195976236541023,0.002372389801846201,0.009364454081304891
1.3330742848029655,0.0024901944363862815,0.008082645260961207
1.3469607902187124,0.0025942822908223196,0.006878652419630805
1.3604379190005917,0.0026798646507291825,0.005795599358024475
1.3739053563076966,0.0027511378482531186,0.004792001869698329
1.387759391272784,0.002813426919207323,0.004126046474949375
1.4012265801181985,0.0028637212260732886,0.0033442658776480366
1.4146951245001438,0.002903925235270353,0.0026076831591252294
1.4285736467800432,0.0029353048653381593,0.001899280301170783
1.442046082273677,0.002956634092164512,0.0012565220400039443
1.4555200001798527,0.0029695364892369834,0.00064831130056682
1.4693998899172558,0.0029745557586145733,4.961514735630515e-05
1.4828544965549337,0.0029720480985421837,-0.00036898330782695184
1.4963046809755285,0.0029657147534080776,-0.0006907581046463992
1.5101765960659776,0.0029530605932767237,-0.0011372587914979314
1.523643265288399,0.0029349045289098303,-0.0015671456304295697
1.5371120398775855,0.0029110371175701407,-0.0019796759497680647
1.5509913699941889,0.0028808286932844765,-0.0024037948255290252
1.5644626250454736,0.0028456697505695543,-0.002821304994575317
1.5779151885174723,0.002804678383378665,-0.003410880999012806
1.5917839195848498,0.002754470790452071,-0.003816318729964052
1.6052462006207395,0.0027011311090353453,-0.004105753179863185
1.6187100004002086,0.0026439399472185025,-0.004394328909748708
1.6325842014791854,0.002580924221014038,-0.004691059273953396
1.6460526709392393,0.002515804220073795,-0.004976129523214427
1.6595231290513839,0.0024468136298934923,-0.005263627198476265
1.673398394554229,0.002371868245093823,-0.005614831526438822
1.6868366801348749,0.002293001708603826,-0.0062627119928996495
1.7002969484404884,0.0022072730525160116,-0.006485977336983592
1.7141664995508552,0.0021157640205014252,-0.006710196465509379
1.7276304576297667,0.002023932000623794,-0.006933062508099324
1.7410967018096462,0.0019290260955503325,-0.007160147455245479
1.7549735455319624,0.001827967327147438,-0.007397650627882822
1.7684381713793564,0.0017311564212135232,-0.006897193419366976
1.7818911922765526,0.0016413443137765788,-0.0065286775532326065
1.7957370971290856,0.0015530027988928084,-0.006187979945519237
1.8091931028796417,0.0014727547056411507,-0.005722713374500384
1.8226500638346528,0.0013985273474042001,-0.005284756096438855
1.8365174478260953,0.0013278191990238812,-0.004889844051479086
1.8499797895327788,0.0012640609533539461,-0.004558042157649129
1.8634451446075182,0.001204278859410996,-0.004271733399678428
1.877319126564874,0.0011464088523915367,-0.004046417373554645
1.8907588439925715,0.0010925487107786552,-0.004172616979103295
1.9042111350780864,0.00103792583189924,-0.00396135561039809
1.9180773566350973,0.0009845202661253843,-0.0037222267320392035
1.931537182053548,0.0009357522242653524,-0.003507552634585823
1.9449993712505451,0.0008896828391176277,-0.003319721018691054
1.9588722759236976,0.0008446141871557254,-0.0031507244311397738
1.9723395536212864,0.000802866497279447,-0.003015689649351007
1.9858011232579897,0.0007631158231930172,-0.002984359180738949
1.9996455222228056,0.0007205196326337177,-0.003188497932588125
2.0131037931698343,0.000678645453742733,-0.0030438322973390637
2.0265629710957995,0.0006386242482234683,-0.002890749910503188
2.040432211032589,0.000599415553394035,-0.002749177748417298
2.0538959359602806,0.000563107228547494,-0.002628562299063744
2.067362367520024,0.000528217826701754,-0.002522933926898176
2.0812378828009575,0.0004936084318421863,-0.0024485066755001767
2.094685825081253,0.00046085333714027897,-0.0026396526737965057
2.1081314519660803,0.00042502633503212173,-0.002661205105854113
2.1219993025612816,0.0003887743554011187,-0.0025540572916274945
2.1354595727588483,0.0003550827966240947,-0.0024388451055455383
2.1489220038270584,0.0003228585795882941,-0.002335024230745722
2.1627949543063534,0.0002909924922452876,-0.002240188615717711
2.1762623382981254,0.00026116637153688303,-0.002162677456787025
2.189728011106595,0.00023245744897762555,-0.0021368459803683946
2.2035733754353304,0.00020194466602608242,-0.0024442108105264472
2.217030480679392,0.00016986974603971537,-0.002337834998923116
2.2304898507025688,0.00013903243152046309,-0.002233834529849331
2.2443589614901063,0.00010865552128677496,-0.002134165761905453
2.25782242146228,8.041559879417486e-05,-0.002047187916326279
2.27128845759851,5.321482538615868e-05,-0.0019689494788783387
2.285164296445489,2.6182520228153298e-05,-0.0019094299741902736
2.298621505525742,9.6362315720416e-07,-0.002001924313481648
2.3120648994990995,-2.7212888357020524e-05,-0.0021607384764142884
2.3259314700081037,-5.647880210338813e-05,-0.0020685602870867447
2.3393915013192172,-8.377426489666567e-05,-0.0019756809212059757
2.352853571869495,-0.00010987595476715627,-0.0018897534422066197
2.3667260164105763,-0.000135637550217192,-0.0018090305369824675
2.380191368440273,-0.00015850035372505603,-0.0015382347863138954
2.3936577428460573,-0.00017792216235255735,-0.001305800976663254
2.4075086534327204,-0.00019505833578581074,-0.0013875668551788978
2.420959729898781,-0.00021255882513561005,-0.001197667897570428
2.434418622841159,-0.0002273032170160833,-0.0009730992053273748
2.448286162098988,-0.0002393953915489024,-0.0007544331136058446
2.4617482162317303,-0.00024842826896923434,-0.000571119685385744
2.4752128995532945,-0.00025522666203926976,-0.000415298249429601
2.48908822291649,-0.0002602896535754486,-0.0002851501606362036
2.502551891001502,-0.00026317822552394374,-0.00024101436128595816
2.516005873718967,-0.0002666449447505551,-0.000284229275947086
2.5298721063270952,-0.000269759399979235,-0.00015466198003710445
2.5433315116059747,-0.0002710889418131237,-2.86980503710658e-05
2.5567928620721085,-0.00027081356096377295,8.174453642739934e-05
2.570664573642076,-0.0002690633104474173,0.0001761427430739696
2.5841310079479856,-0.00026618698031704284,0.00024662314074534606
2.5975992016606066,-0.0002627407209650969,0.00029891630067499216
2.6114730173355785,-0.0002584636639395406,0.00034994536741699244
2.6249270344920967,-0.00025265121968487734,0.0004692241680439432
2.638384583304935,-0.0002456615320156765,0.0005669203862298271
2.652252892338331,-0.00023736796101059716,0.0006427112553399286
2.6657154441858264,-0.0002283703458843033,0.0007042088274687245
2.679180441689762,-0.00021864810583653807,0.0007545125948748779
2.6930561285353223,-0.00020802852039777714,0.00079463198441721
2.706524162380391,-0.0001972886519491657,0.0008112903971060358
2.719986509199069,-0.00018620267225180444,0.0008289446245390278
2.733839911353956,-0.00017279407634944834,0.0010274596842307698
2.7473009909133665,-0.00015892721069757685,0.0010638274405314245
2.7602856249329113,-0.00014781839581776924,0.0006771067121175608
2.773176677673422,-9.951114908495611e-05,0.009911624609818261
2.7855461164279864,0.0001400769076756933,0.03235420962574242
2.797716893518126,0.000723793539849756,0.06720389126549785
2.8098473573528584,0.0017866794057131144,0.11239090584871499
2.82123891807399,0.00335001628110325,0.16430258143927848
2.8324734854202838,0.0055467009712609466,0.22615553375778283
2.844018669527826,0.00859936107925769,0.3010243746626018
2.8552735487577077,0.012269982066546847,0.3814922864129136
2.8665539895822834,0.016330917400252727,0.46402923437044036
2.8780557240759808,0.020745248372970718,0.547000122887798
2.8891848666169704,0.025536442358072696,0.62947250970369
2.900170980575066,0.031034960032229972,0.7122658567234333
2.911180523402042,0.03743928321123875,0.7929492443930699
2.921619021060587,0.04434838959438938,0.8651574328725796
2.9318691388965186,0.05190058555090177,0.929913529575164
2.942086657771026,0.06050574501160437,0.9892027654138749
2.9514870042037367,0.06973295805721613,1.0397844324620802
2.9602816693956844,0.07973456249249096,1.0840173040106587
2.9687325205006463,0.09058448694920114,1.1253474082063177
2.9765498279411218,0.10139219053719781,1.162799605148609
2.984201104570755,0.11225599607597649,1.1988459151136373
2.991750419721488,0.12364467255653493,1.2338916946827316
2.9985091196859766,0.13514744681662272,1.2642065479490765
3.0044934407988197,0.14714583217151153,1.2906543192947655
3.009704230870807,0.15986476157531784,1.3158815711966092
3.0139076488952865,0.17248607143888786,1.338717524049806
3.0174710474998374,0.1852821383980998,1.3597571022895893
3.0206085650443852,0.19861106138847393,1.3799608836732202
3.023121351191197,0.21167137458484353,1.398230366638723
3.025287611433899,0.22475650729238358,1.4157364636710503
3.0272985091050204,0.23832465522759905,1.4320873454942582
3.0290483487934803,0.25154044635339995,1.4467557601499748
3.0306122967246636,0.2647913622733673,1.460371274107452
3.032040605311102,0.2784541561749798,1.47317289741748
3.033266823375158,0.29175267730897075,1.484966792061024
3.034341434926203,0.3050755289834822,1.4960574310063137
3.0352989530233,0.3188199570841212,1.5068350384440274
3.0360877128225034,0.3321541949302153,1.516960128365634
3.036746271557214,0.345512330089853,1.5264293703241991
3.037296722457462,0.3592900554496962,1.5356449719981022
3.037712216994466,0.37265922147463265,1.5439631223642138
3.038021030075261,0.38603258225064374,1.5518247659641273
3.0382300851372532,0.39983182276509494,1.5597492662584735
3.0383305007884203,0.4132317596095983,1.567134435433445
3.038333837438067,0.4266350625997831,1.5742469157792933
3.0382382038048914,0.4404363260429088,1.5814483603630545
3.038052083793552,0.45383751806355976,1.588169552298197
3.0377772309264275,0.4672371163262143,1.5946319500712212
3.037407345954949,0.481023039149157,1.6007987421098846
3.0369657858777166,0.4944241494347745,1.606902838816463
3.03644325914545,0.5078252451328997,1.6128539801821096
3.0358222602155136,0.5216323915841474,1.6188573777250026
3.035140988051903,0.5350294765726674,1.6246116346736426
3.034382587177868,0.5483951682728138,1.6306101809961648
3.0335175494175943,0.5621820488094077,1.6364809473265707
3.0326005620054763,0.5753401793063876,1.6463618447907031
3.031518798440585,0.5882210366848462,1.6641065214506074
3.0301581953652947,0.6016847650979085,1.6777043083905212
3.02870467684892,0.6149911457309957,1.6790428420026005
3.027281604235306,0.6284334484216585,1.673186010057454
3.025899405662346,0.6422942637809477,1.6669724890461375
3.0246370554530477,0.6557423422148604,1.6616090885564507
3.0234430591091335,0.6691979094265212,1.6568138219264428
3.022278625555942,0.6830558755494988,1.6523387899103015
3.0212044011756993,0.6965099814338367,1.648463254077677
3.0201798422597244,0.7099663191141953,1.6449902863164791
3.0191708520529903,0.7238330582349152,1.6417615259175116
3.0182325914404764,0.7372928224515425,1.6389400015793256
3.0173308826754717,0.7507395384012087,1.636556547137037
3.0164328035939567,0.7645871747970996,1.6344041566018193
3.01558960238678,0.7780382676407068,1.632280984480651
3.0147742885388267,0.7914910748415531,1.6303208592397282
3.01396049738458,0.8053546042865595,1.6284712229225407
3.0131942476246607,0.8188127329058729,1.6268106615664888
3.012449528466532,0.8322729470266368,1.625275457114767
3.011703236325995,0.8461394755639067,1.6238456958524936
3.0109965984050695,0.859576568355416,1.6228160732336423
3.010303640631761,0.8730301111152204,1.6216719605108099
3.009605947669068,0.8868881180816798,1.6204512444883061
3.0089443482869513,0.9003431362601715,1.619366212676199
3.0082968612744847,0.9138003857497107,1.6183429917781398
3.0076437370737996,0.9276679792462762,1.6173406018675953
3.0070228134251176,0.9411289374930207,1.6164251778942118
3.0064138539824135,0.9545825677150144,1.6156592432734656
3.00579535051737,0.9684278314413691,1.6150996675911697
3.005203349722606,0.9818823799395308,1.6143714710430819
3.00462198203903,0.9953352984984449,1.613592962670146
3.004033338393301,1.0091996081546062,1.6128376631077974
3.003471769673269,1.0226587805248268,1.6121282014146767
3.002919573020059,1.0361203451529721,1.6114380759837412
3.0023602696213967,1.0499893763411927,1.6107743443456226
3.001825506491596,1.0634302151715567,1.6103980079318692
3.0012954210156546,1.0768812769811382,1.6099202231732228
3.000756472742447,1.0907439346003158,1.6093181700941004
3.0002417994775623,1.104199781596693,1.6087176572841695
2.999734969465626,1.1176585457775343,1.6081323755716952
2.9992209228803817,1.1315278312163253,1.60753308707178
2.9987299072048406,1.1449910364556526,1.6069600146605638
2.9982466198218196,1.15845069355385,1.606452940349258
2.9977681414196344,1.1722148748119035,1.6041147219648184
2.997342705963217,1.185677618169339,1.6002262242634584
2.996972257270124,1.199164283618404,1.596122918663233
2.9966449861659314,1.2130647229420466,1.5924059314145713
2.996374157329208,1.2265547383830435,1.58921717888206
2.9961439213051464,1.2400442440743427,1.5864084335994033
2.995944173449536,1.2539397517931257,1.583868687693292
2.9957813835745397,1.2674079209362448,1.5818850826861302
2.9956437517604315,1.2808827916155885,1.5800589802478213
2.9955268215545625,1.2947685651167038,1.57829665262655
2.9954365601955057,1.3082404976522297,1.5766698162384754
2.9953667072693713,1.321715961336784,1.5752370161326787
2.9953139990734474,1.3356008869484657,1.573899509736123
2.9952798932353426,1.3490780672565723,1.5727218875871305
2.9952608866135253,1.3625508907285904,1.5717074241378701
2.9952525593376658,1.3764099525911082,1.5710126311572241
2.9952551828544838,1.389880428946988,1.5702002322554143
2.9952681052946515,1.4033499997559058,1.5694098004534145
2.995292846256851,1.4172253844457228,1.568601077080949
2.995327071897024,1.4306953770427073,1.5678814874457172
2.995370385865206,1.4441672271794839,1.5672036028480572
2.995424932239218,1.4580479856682595,1.5665597153763329
2.9954854174013814,1.4715176656463351,1.566020271118604
2.995552874220693,1.4849839401838973,1.5655646647380235
2.995628484587329,1.4988570675362165,1.5651024379632457
2.9957089322666204,1.5122986609768956,1.56430565403974
2.995800270335232,1.525758222025023,1.563763122015857
2.9959007388339747,1.5396341526915363,1.5633305195219032
2.996003922262138,1.5531040373891123,1.5629333338854094
2.996112084162878,1.5665734311878712,1.5625747707061337
2.9962279580257904,1.5804478964238136,1.5622687193748572
2.996344610996178,1.5939122217065866,1.5620114387653
2.996464254624206,1.6073727945419845,1.5616901793050657
2.996595078329821,1.6212175883618023,1.5610022730771371
2.996728884071797,1.6346828399861586,1.560701813385054
2.9968666804612014,1.6481500691264297,1.5604150908751824
2.997012739781593,1.662026931985341,1.5601306392441137
2.9971573521963815,1.6754942625882212,1.5598905869643633
2.9973055957683266,1.6889581364163337,1.5597075386913395
2.997460758916487,1.7028290696625614,1.559521896880861
2.9976137952319313,1.7162777260366093,1.5591070254688137
2.997774628493087,1.7297255036136778,1.5586560937066272
2.9979447144634377,1.7435982564020323,1.5584051937869787
2.9981131643432177,1.7570656471940098,1.5581655536416887
2.9982772482282987,1.7705251898700962,1.5591726880451569
2.9984304225991036,1.7843912736586025,1.56030267288909
2.998564599040066,1.7978431364274143,1.561382132557687
2.9986851019617538,1.8112957818798558,1.562296616082158
2.9987987147415454,1.825134259017952,1.5627639736680539
2.9989027097444576,1.8385894718992244,1.5634125147717421
2.998998148145084,1.8520484918176008,1.56401861636182
2.9990887024109596,1.8659188045047874,1.5645657688196593
2.9991691258410924,1.8793824680018645,1.5650450729258012
2.9992432174991994,1.8928415241398744,1.565542760073211
2.9993131020775246,1.9067082249577945,1.5660196794096168
2.99937435611954,1.9201608600884739,1.5663243995589922
2.9994349026485643,1.9335986867723582,1.5663479501025228
2.9994946173080272,1.9474674746799374,1.5666362951408317
2.9995489551853214,1.9609307629339925,1.566903980539813
2.9995999884183786,1.9743960526680921,1.5671468635178623
2.9996482638626802,1.9882690425655605,1.5673961507606868
2.999692419749628,2.001729750276334,1.5676824783846903
2.999732650538503,2.015190084872028,1.5679470234290964
2.999771083983836,2.0290380943738615,1.5678767960549582
2.999810451742015,2.0424914320545025,1.567937971340417
2.9998478823524057,2.055954180487433,1.5680971928032987
2.9998844117604366,2.0698275585485058,1.5682475759131917
2.99991785313221,2.0832933877600937,1.5683960982687097
2.999948629401945,2.0967570946327565,1.5685725768951275
2.9999782226476364,2.110626318242566,1.5687868833949774
3.000003641297096,2.124085156484562,1.5689321985018503
3.0000300449602832,2.1375202827965287,1.5686963797713132
3.000058419919171,2.151390426415164,1.5688092707919943
3.000084524889646,2.164854619915889,1.5689116966533385
3.000109369634222,2.1783208688087408,1.569010444204326
3.000132932128533,2.192194739229914,1.5691282907430513
3.0001544503018853,2.20565712690045,1.5692916198292497
3.000173802987285,2.2191186440874078,1.5694590047325427
3.000191299997376,2.2329759946357672,1.5694298257167039
3.0002104309549917,2.246427715911733,1.569389530519872
3.0002287964777823,2.2598905369092446,1.5694733887786865
3.0002466601560336,2.273763945429386,1.569552884090688
3.000263020914024,2.2872304169959636,1.5696336513055322
3.0002775546776497,2.300695580415623,1.5697406532041722
3.000291296491407,2.3145653523122838,1.5699021952300787
3.000302241706358,2.3280260980716982,1.5700356795006796
3.000312532634352,2.341471732072569,1.5699196441161476
3.000324272834071,2.3553412200320025,1.569997418504724
3.000334026275646,2.3688043084629493,1.570160668309333
3.0003417490558966,2.3822699396024967,1.5703069297078005
3.0003475877057624,2.3961438285657186,1.5704553462954312
3.0003507919445864,2.4096066370260125,1.5706316004231176
3.00035201646183,2.423068307671071,1.570814755194754
3.000350538796034,2.436933754968886,1.5709108891755728
3.0003489186393284,2.4503891217900375,1.5709121854454513
3.0003468653626935,2.463851900821433,1.5709559026987576
3.0003444175182117,2.477724753510071,1.5709940470737742
3.0003416417735345,2.491190905301866,1.5710361658905854
3.0003378164456938,2.504656624369522,1.5711004153344423
3.0003330240974826,2.5185271866717525,1.5712222657682784
3.000326738937252,2.5319887799037755,1.571334773661562
3.000318575136107,2.545450185785138,1.5714135922013692
3.000309785618896,2.5593193845899282,1.5714482236504759
3.0003008536160394,2.5727830649695074,1.5714699687634415
3.000291721792367,2.5862490805113536,1.571481569687621
3.000282208309298,2.600123210630834,1.5715084425943886
3.0002716952547273,2.6135785800577436,1.5716685620267823
3.000259289591254,2.6270390717229963,1.571789586976425
3.000244829591149,2.640909607340748,1.5718619682381145
3.0002302528878797,2.6543707387874758,1.5718743942522653
3.0002157236759754,2.6678334159204034,1.5718716039115355
3.000200890221644,2.6817062559621614,1.5718580792328365
3.0001867557952635,2.695173059580586,1.571841663451858
3.0001728619023114,2.7086377008178637,1.5718656016845411
3.000156429275261,2.722494769878267,1.572085461657148
3.0001388887817515,2.7359586533783626,1.5721406457104317
3.000120326105982,2.7494208128780313,1.5721680384324062
3.0000792284432514,2.763067194735148,1.5767602942169199
2.999931005909143,2.7760982279026103,1.5903341896611654
2.9995305183630325,2.7889719363866416,1.6170303234909678
2.9986681637107155,2.802185058729317,1.659043996466579
2.9972248009426807,2.814979999818656,1.712020004700744
2.9952756351015775,2.8276770701040044,1.7718342365535473
2.993004768728471,2.8406396317805185,1.8357435890946383
2.99035149223995,2.853265160978297,1.9024743687392467
2.9869923935711644,2.8658829904138976,1.9781450150494364
2.9827965975738358,2.878586189693877,2.0652543990777774
2.9782316289883717,2.8905887785739903,2.149085467887952
2.973269382990601,2.9023675933214657,2.233220477336601
2.967468424624313,2.9142125536082673,2.315372840435545
2.960963823877983,2.925349185484404,2.3877791463210025
2.9535406726080735,2.936096551558363,2.453115075581793
2.945033501460029,2.9468030624367985,2.513320005248776
2.9362014994259753,2.956868743602193,2.566754688213023
2.9268879075827883,2.9665293490131948,2.6155923004585846
2.916788760106637,2.975964772755381,2.6623799420986574
2.906644070797227,2.9846050490793976,2.705686238337214
2.8963140376128873,2.9927828241082852,2.7480724188593713
2.8853537108482112,3.0007845536288933,2.789232185196623
2.8743003063390193,3.0082149187383003,2.824522291053236
2.862719563832107,3.0151809213967873,2.854590820405104
2.850362832769518,3.021529120000644,2.8828160049485754
2.8380258104783693,3.026729095345015,2.9083974074177426
2.8254059120153134,3.031008148858509,2.932320151971749
2.8121929360838895,3.0346472137684817,2.9553878650372454
2.7992534875390613,3.0377474134564335,2.976264565257444
2.7862972659456404,3.0406623631787104,2.996017866754317
2.772827046236933,3.0432194700204764,3.0147570659016263
2.759634200003093,3.0449620288167223,3.0317314340606325
2.7463832662740724,3.0463212359064147,3.0475973898410698
2.732697958589638,3.047509845075832,3.0628704305093826
2.7193884699799367,3.0484705191534593,3.0767243932730515
2.7060617580548714,3.049253019481253,3.089613929968895
2.692325393307714,3.049885824454177,3.1019592116198718
2.6789929521818165,3.050339329744638,3.1136203813564483
2.665637793162344,3.0506425475113783,3.1245142465975024
2.651864603217464,3.0508075424177687,3.1350998210691663
2.6384881261225983,3.050831706352734,-3.1383365762509596
2.625105292048277,3.05072856199707,-3.1290724978400637
2.6113152467005865,3.050495474136852,-3.1200070550132364
2.5979456351908943,3.05015378244123,-3.1118404535861317
2.5845599866603552,3.049703450584968,-3.1037886960157515
2.570801184986238,3.049128142685874,-3.0954396297455284
2.557438120026397,3.048460413241993,-3.0877232882119143
2.5440635079353906,3.047692120072264,-3.0804124399391943
2.530284934917919,3.0467995745387344,-3.0731149960665163
2.5169146549677768,3.045838267704893,-3.066242392132775
2.503550386387225,3.044785973656499,-3.0595928962344088
2.4897872022784537,3.0436102253908786,-3.052928225489901
2.476436398514977,3.0423823690807708,-3.0465701470281097
2.463119130394969,3.0410711751307704,-3.0400139660916983
2.4493911783707554,3.039627923732432,-3.0335193180526043
2.4360654864994853,3.0381424672934,-3.0273864967412822
2.422920217643102,3.0365659933486646,-3.0138622746455312
2.409579546484686,3.0347147727607724,-2.9927667823196513
2.3965090606472703,3.032644416157716,-2.9776165351246457
2.383335434269155,3.0304325188419257,-2.9749699963263625
2.3697700774881025,3.028199551782533,-2.9830933146841137
2.356548358572129,3.0261478837440463,-2.992642035356437
2.3432045751095014,3.024208775055554,-3.002635011254666
2.329366700721361,3.0223430121128003,-3.0128396203959253
2.315927168811518,3.020661573856027,-3.0218080110623338
2.3025020335130133,3.0190998195357115,-3.0301353460738496
2.2886606387781265,3.017598261081345,-3.0370213530734333
2.2752074244638356,3.016228695705823,-3.043493336960537
2.2617699251823438,3.0149432739266655,-3.0491525579713437
2.247913961177361,3.013694605970468,-3.054515553539661
2.2344565469304905,3.0125513090335363,-3.0593183681648384
2.2209957977283543,3.0114700331744597,-3.063697806553531
2.207125229153806,3.0104152973003564,-3.0678526933393555
2.1936709164504054,3.0094464304164212,-3.071720303777522
2.180205533446139,3.0085263830072297,-3.075161137718803
2.166336028057379,3.0076254233824495,-3.0783855963500977
2.1528916421926865,3.0067916858583126,-3.081072616298185
2.1394287158439913,3.0059934914273607,-3.083741274569385
2.1255563547838707,3.0052073893492497,-3.086306371796703
2.1120895323731497,3.0044773955262722,-3.088641673620695
2.098622399824782,3.003777830580379,-3.090861195767579
2.0847506127326016,3.0030886949753928,-3.0931000489384823
2.071283697925302,3.002448202731868,-3.09509683563401
2.057832509286342,3.001833638716,-3.0967854548293974
2.0439717779570468,3.001222741805734,-3.0984360208671093
2.0305069039526864,3.000652031806304,-3.1000729300319545
2.0170394998090857,3.000102848361311,-3.1016412014326984
2.003161919940426,2.9995586592449324,-3.1032000780208917
1.9896928094934445,2.9990507284798484,-3.1046926071822454
1.9762252586988802,2.9985633305365647,-3.106174738393849
1.9623508181311342,2.9980814304827588,-3.107581796530565
1.9489080864322275,2.99763051860999,-3.108620422648469
1.935443013185991,2.9971945322522298,-3.1098544552328002
1.9215675122071394,2.9967624537446325,-3.1111017705407775
1.9080974746460877,2.996359421493172,-3.1122866743981845
1.8946260006582323,2.995972246866302,-3.113463137845153
1.8807490421013964,2.995589866513416,-3.1147259489960097
1.86727896162108,2.995235649249572,-3.115909718247964
1.8538198493901228,2.994896839982577,-3.1169294085013974
1.8399613157654424,2.994560434143221,-3.117857514262472
1.8264833278086217,2.9942607603991225,-3.1212248812701215
1.8129897573263207,2.9940091171879204,-3.124785110594424
1.7990876110327805,2.9937976130155897,-3.1280766714186603
1.7855968561876594,2.993633605536566,-3.1309143078144075
1.772116108811095,2.993506782833763,-3.133525889892261
1.758225438569488,2.9934101021087214,-3.135788751125292
1.7447631799040082,2.993343102430933,-3.1375121511542434
1.7312877739984336,2.9932990151851357,-3.1391680495679712
1.7174033357462681,2.993275777594724,-3.1407093998373683
1.7039263021607425,2.993272706279141,3.1411322326434616
1.6904485599622463,2.993286873947464,3.139919628599981
1.676563403153573,2.993317689798761,3.138761557062595
1.6630910887116208,2.993362943778854,3.1376965446329477
1.6496233635804585,2.9934207382712534,3.136807268048212
1.6357520673033745,2.9934921993286685,3.136043900300218
1.6222853117124583,2.993571553277862,3.135338775690077
1.6088162461842506,2.993660159632843,3.134677840747728
1.5949371532996945,2.99376048502394,3.134044905990207
1.5814659781920781,2.9938660323591306,3.133451822370469
1.5680137967787855,2.9939795635093414,3.132610424827052
1.5541487667493268,2.9941095981470696,3.131882252492104
1.5406828314761438,2.9942428033301,3.131430280953274
1.527220077262978,2.9943820814816076,3.131067935925665
1.513347920984054,2.9945304922762017,3.1307187900318323
1.4998814556636406,2.994679143479336,3.13039230035403
1.486413105608608,2.9948321525584927,3.1300760849458236
1.4725382112827365,2.994994033848528,3.1297115548153105
1.4590979566488844,2.99515788546804,3.1289862553497403
1.4456333353099795,2.9953292731757664,3.1286592693843405
1.4317633664215266,2.995510269150736,3.1284239308661523
1.4183019841300433,2.9956889262514763,3.128227950215695
1.4048386625948273,2.995870185783883,3.1280354402272725
1.3909649116126115,2.996059719232517,3.127837885411816
1.3774977550381977,2.996246346048274,3.1276363005653893
1.3640392104576988,2.996435499948404,3.1272864079238634
1.3501865283900936,2.9966380716425447,3.1267501279349763
1.336723694393553,2.996838623480115,3.126551572372328
1.323263190300376,2.9970420639351585,3.1264102957636664
1.3093941891847534,2.99725363227384,3.1262764084419077
1.29593082794887,2.9974608022481277,3.126142364060561
1.282465169665387,2.9976698781077165,3.1260039253059095
1.2685910727471683,2.9978873357335325,3.1258312592104502
1.2551468355309685,2.998101188878672,3.125331683003757
1.2416897396886342,2.9983221518272103,3.1250387938024224
1.2277973985701833,2.9985467727418507,3.126062251504936
1.2143551536203918,2.998744646754748,3.1277214330273297
1.200907527780376,2.9989214473183123,3.1292393371243317
1.187048120574994,2.99908359569273,3.1306121183509377
1.173592650217938,2.9992239232641045,3.131771603734536
1.160138658306671,2.999349454601723,3.132710410830606
1.1462966890580506,2.999469290094394,3.1332287057668786
1.1328362365606146,2.9995762842893097,3.1339621479267974
1.1193823535938334,2.9996741043797353,3.1347234523102347
1.1055199987387332,2.9997645625260003,3.135448485378559
1.0920626737208876,2.9998432552268395,3.136077280238827
1.078602354882622,2.9999139923495433,3.1366357539459324
1.0647317711774096,2.99997958128251,3.1371400889023398
1.0512835197811221,3.0000369519622363,3.13733447880335
1.0378331281276738,3.0000937821923466,3.137509150555145
1.0239649794678756,3.000147324438649,3.137876920308599
1.010507974365162,3.0001947741714283,3.1382700045715093
0.9970494402802779,3.000237206930735,3.1386352577818286
0.9831805106831402,3.0002760375518993,3.138976677288983
0.969716818681292,3.000309517826606,3.139276822015549
0.9562530616866758,3.000338925037991,3.1395136916040878
0.9424064322702029,3.0003679842170343,3.139352497370517
0.9289442869756688,3.000396931056485,3.1395187567895024
0.9154846325412473,3.000423027020305,3.1397584259144975
0.9016178021735637,3.0004468368707657,3.1400158794395736
0.8881572766992231,3.0004666115243577,3.1402525851436627
0.8746943163672203,3.000483376913517,3.14047062254704
0.8608212474149576,3.000497780766206,3.1406711001722374
0.8473633269192649,3.000508826163175,3.1407147758820324
0.8339085332349594,3.0005215426099796,3.140690256282916
0.8200378898125705,3.000532575211972,3.1408262118895207
0.8065786597343729,3.000541771401126,3.1410113236606247
0.7931189334785347,3.000548461401202,3.141198501810295
0.7792490940563611,3.0005528127955063,3.1413787728892424
0.7657846752558881,3.0005548047627952,3.141542663645078
0.7523193353519813,3.000554535740107,-3.1415149080360636
0.7384549434221469,3.0005532106892687,-3.14153832903163
0.7249903213440048,3.000551580772541,-3.1414526521795993
0.7115286978704003,3.000548625239103,-3.1413359035946367
0.6976613598920698,3.000544033909505,-3.1411760022346904
0.6842005887057827,3.00053751316739,-3.1410231905892414
0.670737566153502,3.0005289576744785,-3.1408803497711117
0.6568640180870018,3.000518426590903,-3.140732471670808
0.6433977154297608,3.0005059435812327,-3.1406179223126403
0.6299319067673794,3.000492790161167,-3.140628522028601
0.6160627718279809,3.0004796046157582,-3.1406123755910755
0.6026162300565252,3.000464469947249,-3.1404240361987137
0.5891546204894756,3.0004486960287764,-3.140387756845629
0.5752839715771532,3.0004319084176103,-3.1403633952244268
0.5618187956959225,3.000415369681739,-3.1403481357374305
0.5483518768149942,3.000398706028389,-3.140349750134941
0.534477537331964,3.0003814700600278,-3.140397085703486
0.5210125483818854,3.000365743727456,-3.140450725485489
0.5075594985203498,3.0003499102282674,-3.1403645393741475
0.4936986521312021,3.0003318077769,-3.1402577715981423
0.4802373233664401,3.0003137962850968,-3.1402363584072934
0.4667736120877037,3.000295587244086,-3.1402299388636643
0.45289940741011236,3.0002768029593327,-3.140231198350441
0.43943218789503213,3.000258729594988,-3.14025511418512
0.425966592810468,3.0002409148122524,-3.140327932846108
0.4120947553512989,3.000223809400744,-3.14037304215992
0.39865108971692226,3.0002060713306715,-3.1401835881743243
0.3851904972010611,3.000187067597718,-3.14016507875406
0.3713201756685409,3.000167339930551,-3.1401610972094125
0.3578554598260866,3.0001481795011617,-3.140162691494188
0.3443886492169389,3.000129093478594,-3.1401742906869474
0.33051352851846494,3.0001094701348774,-3.14021879854894
0.3170482031391116,3.0000915442856955,-3.1402953014157196
0.303588614361741,3.000074339636709,-3.140297462574337
0.2897357760331427,3.000054460919738,-3.1401213720635606
0.276274362954859,3.0000347369668416,-3.14011206612068
0.26281116219178685,3.000014897129737,-3.1401125350686065
0.2489374594507674,2.999994519064587,-3.14011824748628
0.2354971404243515,2.999960831556307,-3.1377383780251527
0.22227738861428276,2.9998764844952164,-3.1314239639552857
0.2089572897981916,2.999661759884892,-3.1179519037472176
0.19601162834393582,2.9992335911974224,-3.0974906710403918
0.18281833451908375,2.9984816585194567,-3.0694545442548913
0.16902255502866517,2.9972462709371404,-3.0308362630211727
0.15570671419061693,2.9954861354871714,-2.9837402267138087
0.14278169848870506,2.993228712090359,-2.9293330693759794
0.12992396194416375,2.990200637551515,-2.862328372228893
0.1178809137483862,2.9863151386343803,-2.782102972304557
0.10621439376051077,2.9814307323389837,-2.6920692994167723
0.09448682916952553,2.9756266957976476,-2.602508001347799
0.08353051510670863,2.9695128781888367,-2.5132015133773575
0.07291787231176526,2.9627430814802738,-2.429335770415368
0.06239542606674913,2.954922343588318,-2.3531690782583685
0.05260298305378876,2.946530919859504,-2.286511047048281
0.043200282630487225,2.937583302648872,-2.2250598397402084
0.03373102628036566,2.928040104197974,-2.1654976634840435
0.024778381208213764,2.918714195099366,-2.110430074964378
0.01621257186766755,2.909199844777802,-2.057197346627437
0.007949020679479675,2.8989560170343878,-2.005820361336001
0.000541530211299276,2.8884285409380253,-1.9608426585229393
-0.0062910742079441175,2.8772510902520723,-1.9221000381787927
-0.012796677597667,2.8651669125013672,-1.888278899056756
-0.018488434664303152,2.853133111001201,-1.8584015733168169
-0.02343180074971481,2.840797594702148,-1.8307388517606085
-0.0277131184613276,2.8278163480845455,-1.804253439622767
-0.03119542467736528,2.815022544029487,-1.7802842138027488
-0.03419774279595713,2.8021454713493017,-1.757493795222556
-0.036840025400489584,2.788731517044211,-1.736071159275549
-0.038959481950516,2.775611791938744,-1.7169200922935113
-0.04078383940657166,2.7624365157745516,-1.699261845068698
-0.04243034983492052,2.7488166861302306,-1.6823599025111788
-0.043816694163557844,2.7355605260152793,-1.6670785707557918
-0.0450080729217339,2.72227325403289,-1.6528330655665306
-0.046044351807902915,2.7085581391894746,-1.639072668015217
-0.04687314725237655,2.6952444185035564,-1.6263481307612913
-0.04753615749822803,2.681925521591048,-1.6145054691853384
-0.04806121873384076,2.668171345870904,-1.6030138345494385
-0.04842396892909155,2.654809492067864,-1.5924710058166178
-0.048649591900399275,2.6414371380661064,-1.582483840515598
-0.048745769826184795,2.627650741823973,-1.572694519657357
-0.048712899289752525,2.614262888288476,-1.5636314205581252
-0.048561328718175555,2.600873072449685,-1.5549818758997829
-0.04828770636161191,2.587091665325447,-1.5466807944949548
-0.04791260481804516,2.573713971024196,-1.5386207078151497
-0.047432042045601266,2.5603321005965127,-1.530880632157086
-0.046830160686501164,2.546544273261034,-1.5231739991609858
-0.046145679773114075,2.533162173981543,-1.5159278349733063
-0.0453653863952139,2.5197807160426375,-1.5088955897951428
-0.044464119562717695,2.5059959912357392,-1.5018467642894258
-0.043497925055828425,2.492625969406452,-1.4952053246324029
-0.04244456105738218,2.4792817826637847,-1.4885045599411553
-0.0412647497509718,2.4655407372936895,-1.4816851451063038
-0.04003120572485779,2.452194048803384,-1.4753382723452604
-0.03871329081265996,2.438852164055502,-1.4690879102099021
-0.03723946045711625,2.4252382870757203,-1.4529308751894554
-0.03553642114993042,2.4120904997480914,-1.4302596505661658
-0.03352920970146254,2.3988112997276607,-1.4117731221772176
-0.03121659099404393,2.3849433881413917,-1.399678542381569
-0.028879424976808184,2.3716364575418236,-1.3948739993173829
-0.02658141269173412,2.3586519922203153,-1.3982589626606108
-0.02428862565346817,2.3451560905478277,-1.4078184637537416
-0.02216506581389155,2.331758389199116,-1.419917855376858
-0.020198947336090293,2.318334650040809,-1.4312086582797294
-0.018325205040737175,2.304491695599396,-1.4417007382733076
-0.016639429226851896,2.291046332115608,-1.450831671225202
-0.015075167141619994,2.2776211127445496,-1.4589597276450725
-0.01357053750492217,2.2637783759617336,-1.466436612018446
-0.012205495467400249,2.2503268173173954,-1.4731158886393447
-0.010926627637336761,2.2368703859682153,-1.4791826283253002
-0.009690988698037712,2.223001241564433,-1.4848884975433199
-0.008564538930835234,2.2095354863265224,-1.4899624142012111
-0.007503932247168,2.1960671025748764,-1.4946180501175346
-0.006474549144252377,2.182192867351823,-1.499002044341532
-0.005532269464925958,2.1687446035677977,-1.5028041252269948
-0.004639222019450062,2.155280656565198,-1.50643940471311
-0.003768590862005295,2.141407206631894,-1.5099224516863894
-0.002968313236077332,2.1279390452927456,-1.5130786073970077
-0.0022091926144967764,2.11446806466707,-1.5160292011025527
-0.0014673951106555902,2.100585819985996,-1.518884833472412
-0.0007844499553792193,2.0871122045550625,-1.5214896064671628
-0.00013640454860192627,2.0736569608730413,-1.5238184229996283
0.0005008910707030755,2.0597965214113647,-1.5260461342634946
0.0010897001434791546,2.046329443466351,-1.5282279314149654
0.0016498347426760211,2.0328600885051156,-1.530310840455102
0.002198275847938986,2.0189799911092883,-1.5323643692429698
0.0027038994557508885,2.0055054179727883,-1.5342769542539028
0.0031842440610498927,1.9920287297452153,-1.5361113682732377
0.0036539113903232027,1.9781479335501122,-1.5378371737037777
0.004087119585912933,1.9647025931992834,-1.5392566151767375
0.00450178224211068,1.9512353246046923,-1.5408242536158374
0.004907181466166517,1.9373580035773807,-1.5424088509031233
0.005279899981816544,1.923886511390843,-1.5439127780253992
0.0056325878312903435,1.9104124704715004,-1.5453896254543213
0.005975143287589842,1.8965270096514637,-1.5469177208725797
0.0062874754920875485,1.8830493537666382,-1.5483647362318997
0.006579604469544953,1.8695833314621377,-1.5496695365043336
0.006864629107412937,1.8557236452383135,-1.5509219212161771
0.007123479908602775,1.8422541471130844,-1.552283350233092
0.007352535438705545,1.828766443448566,-1.555599293171914
0.00754097331053521,1.814865154183602,-1.5590009567921337
0.007680960688479091,1.8013731053859199,-1.561941484126774
0.007783593082029133,1.7878818949948416,-1.5645140039438583
0.007855148396172488,1.7739871132842213,-1.5668127052196197
0.00789697326034396,1.760519619476223,-1.5685590258638773
0.007915541004866562,1.747047184287027,-1.5703113510047042
0.00791144643699486,1.7331640627617615,-1.571920102024447
0.007887193785768356,1.7196888050789727,-1.5733168386501775
0.007845059925808119,1.7062126831721351,-1.5745682788798578
0.0077848214245322764,1.692326905094488,-1.5757314157816278
0.007711567648108533,1.678849170450351,-1.576755273380178
0.007625429892733902,1.6653767117965192,-1.5776661931281606
0.0075233228021768135,1.6515284310028218,-1.5788527120597335
0.0074090474177980585,1.6380691747239984,-1.5796769062781957
0.007285266474843142,1.624602470039532,-1.5803213933931628
0.007149016799182884,1.6107261078444381,-1.5809247664295725
0.007008998827370602,1.5972559926256396,-1.5814679977203008
0.006861849311320278,1.58378390216044,-1.5819724158632464
0.00670340871829124,1.5699043926167713,-1.5824427869399913
0.006544462563792166,1.5564412270883967,-1.5829160302698295
0.006376695270109578,1.543007415837702,-1.5836459525518705
0.006196043072767773,1.5291374781100997,-1.5840040789087617
0.0060161909657883116,1.5156736552266958,-1.5843146994417847
0.005832189176921734,1.5022077876887887,-1.5846095736499335
0.005638475950794438,1.4883315363603802,-1.58490176360252
0.005446577799652555,1.4748616475118774,-1.5851701558533013
0.0052517561979605575,1.461394142193174,-1.5854141870068372
0.0050474479127818085,1.447538881336407,-1.5858481205599613
0.004841750814780142,1.434094559608799,-1.5862437087879362
0.004632525491971641,1.4206339593646757,-1.5864393212527408
0.004414257098155497,1.406762974723842,-1.586626997420484
0.004199855624328749,1.3932976700804576,-1.5868072110296483
0.003982961866031604,1.3798299822174012,-1.586986449977598
0.003756956036872709,1.3659535305272292,-1.587158041100892
0.00353603484513446,1.3524900983368826,-1.587321231322703
0.003311866014762813,1.3390568000444132,-1.5878079469924031
0.003074456639676203,1.3251932610519588,-1.587986682015441
0.0028421828651405997,1.3117325031159686,-1.5881175349256567
0.0026080888721578726,1.2982694502623802,-1.5882485187380202
0.0023649537081285835,1.2843959703901646,-1.588387087465806
0.002127021898813189,1.2709282419486339,-1.5885231815642553
0.0018874636883158854,1.2574615732144323,-1.5886453448539142
0.0016397712083020927,1.2435981501334052,-1.5888463353865647
0.0014009059867599518,1.2302145117308196,-1.5881752149589083
0.0011784222114064732,1.216774339666781,-1.5864151975521434
0.0009737954742583598,1.2029212666526528,-1.58465044962238
0.000797215179150731,1.1894712499913025,-1.5831354905797212
0.0006396760906752901,1.1760167852513042,-1.5818155269672618
0.0004946215768376864,1.16215083918522,-1.5806210619090628
0.00036919906701930754,1.1486903032808666,-1.5796305973586415
0.0002560083411388172,1.1352552071137945,-1.5789365752200741
0.0001479367577209684,1.121401905671845,-1.5781636097066019
5.3740429299781864e-05,1.1079478050197138,-1.577402643558697
-3.0766739372900934e-05,1.0944908974551897,-1.5767194195458059
-0.00010877705699795524,1.0806230247548683,-1.5760932338082692
-0.0001767769003220149,1.0671597109356326,-1.5755530910608317
-0.00023818987774685708,1.0536938548889019,-1.5750667832637701
-0.00029418968763191515,1.0398247253405666,-1.5746503268409657
-0.00034520722418776405,1.0263933581494182,-1.5745574763982249
-0.0003932572746885338,1.0129364927099842,-1.5741594773286554
-0.00043729227608110415,0.9990701839055239,-1.5737673336578846
-0.00047508968480763333,0.9856091556633646,-1.57342223725723
-0.0005085235980768688,0.9721454375749745,-1.573111144845398
-0.0005390521721573827,0.9582704687561432,-1.5728222395522773
-0.0005648375170577514,0.9448041832998703,-1.5725557451778374
-0.0005869243683615268,0.9313559727883269,-1.5724886620571772
-0.0006107217874467385,0.9175063168381097,-1.5724347035324715
-0.0006312017849545263,0.9040478840961998,-1.5721919426022861
-0.0006484966377701046,0.8905872517516763,-1.5719570812163366
-0.0006631658618712771,0.8767161703380595,-1.5717354057904565
-0.0006747134006048643,0.8632502730523984,-1.5715399502762069
-0.0006838275989077794,0.8497823579654984,-1.571354861430335
-0.0006901651754822244,0.8359099159419094,-1.571183893539675
-0.0006951092347853521,0.8224678516025592,-1.5712261342492098
-0.0006998603266247043,0.8090095484269476,-1.571042439283949
-0.0007020554865890781,0.7951418139087388,-1.5708584769196994
-0.0007018379638786753,0.7816796863786436,-1.5706938410896383
-0.0006994934952920565,0.7682151060342318,-1.5705449923217576
-0.0006952339511416278,0.7543396771730881,-1.570406590266684
-0.0006893523653942123,0.7408722825377559,-1.5702672015412482
-0.0006814090774649476,0.7274142942495795,-1.570139822030603
-0.0006714723201943819,0.7135536157474806,-1.570051533132248
-0.0006607678576579089,0.7000947897877354,-1.5698969833402712
-0.0006477496101800881,0.6866339762002677,-1.5697501487614796
-0.0006323356677562724,0.6727628593846978,-1.5696085954119556
-0.0006156209917979362,0.65929712879376,-1.569481271591799
-0.0005973240229874743,0.6458291108738898,-1.5693562661748865
-0.0005776378919141718,0.6319559852269763,-1.5693308740006904
-0.000556569831358951,0.6185174831235325,-1.5691088891040106
-0.0005339145130449479,0.6050559753880861,-1.5691180351186338
-0.0005109496081856116,0.5911869293585089,-1.5691580773402949
-0.0004892192090796988,0.5777236058868878,-1.5692016591222586
-0.0004680912135679768,0.5642579443538092,-1.569248242010696
-0.00044701738135553956,0.5503816707709981,-1.5692985111811075
-0.00042725951832927244,0.536912889436662,-1.5693341993267418
-0.00040804370652563213,0.5234551712267375,-1.5692493132491823
-0.0003848962196595995,0.5096020195304807,-1.5691123959255293
-0.00036240425898247797,0.496142223008445,-1.569133272316216
-0.00034030622691800936,0.4826803297980991,-1.5691716479125875
-0.0003181077521569685,0.4688081410196827,-1.5692158279686375
-0.00029717668179010605,0.4553415392938861,-1.5692628003158504
-0.0002769311163261123,0.44187261396395927,-1.5693104526299102
-0.0002567535819453955,0.4279971749606206,-1.5693331095119367
-0.00023651466350366602,0.41455331216549945,-1.5691315395841023
-0.00021373140284946363,0.4010966422442948,-1.5691170619220234
-0.00019071265033955928,0.387227999209873,-1.5691495981219603
-0.00016883469006133815,0.37376527546070903,-1.5691879197577274
-0.00014749880069067877,0.3603002266815942,-1.569230872532433
-0.00012616519002681096,0.3464245952411483,-1.5692797656050677
-0.00010616823393312769,0.3329554662074005,-1.5693221705842648
-8.681020009842655e-05,0.3194918105412474,-1.5693075909228202
-6.44504406501995e-05,0.3056442559134425,-1.569113732290537
-4.1916438095362664e-05,0.2921827091212208,-1.5691296098776475
-1.973713646436237e-05,0.2787213810265862,-1.5691626205374336
2.617687613671826e-06,0.2648498256037493,-1.569201920277336
2.3760024936614564e-05,0.25138384886721227,-1.5692457331011498
6.082945508245805e-05,0.23794007912310858,-1.5664553621199706
0.00016455811631171778,0.22411948141026375,-1.5583297163219214
0.0003927636785857044,0.21076960371879983,-1.5456051037615728
0.0007921243136628249,0.19746551632850226,-1.5312319276044382
0.001462470286279645,0.183774580896555,-1.5091155862054708
0.0024771014399086067,0.1705161681991319,-1.4753328197157036
0.004021776195904276,0.15737888115367388,-1.4269444594994523
0.006313350263912006,0.14421384241582097,-1.3630649182840129
0.009154705983985361,0.13207175380949562,-1.290676677779422
0.01277223358724341,0.12047752432992109,-1.2067239411039856
0.017681633071064542,0.10853379762483442,-1.1152604294907489
0.02338019385526051,0.09719454827230817,-1.0287169921067525
0.029715338907265423,0.0862868197382535,-0.938117225530344
0.036782455991272535,0.07526824416851623,-0.8482884551102038
0.04414327823970739,0.0649500078090744,-0.771567212019626
0.05202214284040568,0.05509210664366147,-0.7016857146639147
0.06055050231502896,0.04540583865929341,-0.6331086254881724
0.06899552426202456,0.03637191541549354,-0.5679959439626462
0.07761202543315987,0.027561799796890534,-0.5050568902099518
0.08680789460459215,0.018774394583730765,-0.44506502493532646
0.09632191579655085,0.010742926919757253,-0.39184896027021165
0.10654618523320393,0.003399925849657844,-0.34507247206734754
0.11787720859820806,-0.0033636716943344974,-0.30426028694133345
0.1296045537867201,-0.009203269199039974,-0.271855385490847
0.1418511050961615,-0.01449088531926897,-0.24548235406396487
0.15467416842880685,-0.019512778798293277,-0.22111124699994236
0.16725106668448722,-0.023977055369171166,-0.19870169201308538
